Tommy Hilfiger,https://usa.tommy.com/
Macy's,https://www.macys.com/
Foot Locker,https://www.footlocker.com/
Sephora,https://www.sephora.com/
Etsy,https://www.etsy.com/
Asos,https://www.asos.com/
PrettyLittleThing,https://www.prettylittlething.us/
Helix Sleep,https://helixsleep.com/
Lenovo,https://www.lenovo.com/
Saatva,https://www.saatva.com/
Boohoo,https://us.boohoo.com/
H&M,https://www2.hm.com/
Hot Topic,https://www.hottopic.com/
Reebok,https://www.reebok.com/
Shoe Carnival,https://www.shoecarnival.com/
Nasty Gal,https://www.nastygal.com/
Superdry,https://www.superdry.com/
Journeys,https://www.journeys.com/
Bose,https://www.bose.com/
Adirondack Guitars,https://www.adkguitar.com/
Torrid,https://www.torrid.com/
Toms,https://www.toms.com/
Swarovski,https://www.swarovski.com/
Nine West,https://ninewest.com/
Revelry,https://shoprevelry.com/
Alise,https://www.alisedesign.com/
Allsaints,https://www.us.allsaints.com/
The North Face,https://www.thenorthface.com/
Alpine Butterfly Swim,https://alpinebutterflyswim.com/
Andrea Bonelli,https://www.andreabonelli.com/
Anita,https://www.anita.com/
Ashley Bridget,https://www.ashleybridget.com/
Aurora Jewelers,https://aurorajewelers.com/
Ava Women,https://www.avawomen.com/
Ben Hogan Golf,https://benhogangolf.com/
Blix Bike,https://blixbike.com/
Canoe Club,https://shopcanoeclub.com/
Carl Jhones,http://carljhones.com/
CouchBed,https://couchbed.com/
Cristy Cali,https://www.cristycali.com/
Crua Outdoors,https://www.cruaoutdoors.com/
CZ Sparkle Jewelry,https://www.czsparklejewelry.com/
Daniel Wellington,https://www.danielwellington.com/
DVE Store,https://www.dvestore.com/
EBike Generation,https://ebikegeneration.com/
Elite Ride,https://www.eliterideaccs.com/
FAB28 Industries,https://www.fab28industries.com/
Far Out Fab,https://faroutfab.com/
Foxers,https://www.foxers.com/
Godspeed New York,https://www.godspeednewyork.com/
Golfio,https://www.golfio.com/
Gravity Blankets,https://gravityblankets.com/
Hair Jazz,https://hairjazz.com/
Helix Camera,https://www.helixcamera.com/
Hestra Gloves,https://www.hestragloves.com/
Hoity Toity Boutique,https://hoitytoityboutique.com/
Idle Sleep,https://www.idlesleep.com/
Indigo Sleep,https://indigosleep.com/
InMotion,https://www.myinmotion.com/
Jennifer Taylor Home,https://www.jennifertaylorhome.com/
Jewelry Affairs,https://www.jewelryaffairs.com/
JNH Lifestyles,https://www.jnhlifestyles.com/
Journey Bikes,https://journeybikes.com/
Juna Sleep,https://www.junasleep.com/
Kamoka Pearls,https://kamokapearls.com/
King & Fifth,https://www.kingandfifth.com/
KyBoot,https://shop.kybun.us/
Lexington Company,https://www.lexingtoncompany.com/
LexMod,https://www.lexmod.com/
Lily Jade,https://www.lily-jade.com/
Liry's Jewelry,https://lirysjewelry.com/
Luckless Outfitters,https://www.lucklessclothing.com/
Luma Sleep,https://lumasleep.com/
Luxinelle,https://luxinelle-usa.com/
Lyst,https://www.lyst.com/
Macho Hollywood,https://machollywood.com/
MotoStuff,https://motostuff.com/
Muse Boutique Outlet,https://www.museoutlet.com/
Nolah Mattresses,https://www.nolahmattress.com/
Neon Nancy,https://www.neonnancy.com/
Off Road Tents,https://offroadtents.com/
Olive Ave Jewelry,https://www.oliveavejewelry.com/
OneWheel,https://onewheel.com/
Overstock,https://www.overstock.com/
Pedors,https://www.pedors.com/
Performance PlusCarts,https://www.performancepluscarts.com/
Phat Scooters,https://phatscooters.com/
Anytime Baseball Supply,https://www.anytimebaseballsupply.com/
Pay Zero Today,https://payzerotoday.com/
PlayBetter,https://www.playbetter.com/
Plush Beds,https://www.plushbeds.com/
Proclamation Jewelry,https://www.proclamationjewelry.com/
Propel Bikes,https://propelbikes.com/
Puffy,https://puffy.com/
Pyradyne,https://www.pyradyne.com/
QuietKat,https://quietkat.com/
R Labranch Designs,https://rlabranchdesigns.com/
Rancourt & Co,https://www.rancourtandcompany.com/
Rug Doctor,https://www.rugdoctor.com/
Sheiban Jewelers,https://sheibanjewelers.com/
Sleepovation,https://www.sleepovation.com/
SoCalz,https://socalz.net/
Soha Diamond Co,https://www.sohadiamondco.com/
Soho Girl,https://sohogirl.com/
Sonos,https://www.sonos.com/
Sparx Hockey,https://sparxhockey.com/
Spike Brewing,https://spikebrewing.com/
Standard and Strange,https://standardandstrange.com/
Storets,https://www.storets.com/
Suntanning Store,https://suntanningstore.com/
System76,https://system76.com/
Tanning Beds Directs,https://tanningbedsdirect.com/
Taylor Made Golf,https://www.taylormadegolf.com/
Tickled Pink Airbrush Cosmetics,https://www.tickledpinkairbrush.com/
Titanium Buzz,https://www.titanium-buzz.com/
Tomorrow Sleep,https://www.tomorrowsleep.com/
Toqos,https://toqos.com/
Toteme NYC,https://toteme-studio.com/
Underwraps Automotive,https://shop-uwa.com/
Glass Aqua,https://shop.glassaqua.com/
Galison,https://www.galison.com/
Fab Cab Cases,https://www.fabcabcases.com/
Valyou Furniture,https://valyoufurniture.com/
Ventum Racing,https://shop.ventumracing.com/
Wacom,https://www.wacom.com/
Waist Shaperz,https://waistshaperz.com/
Watt Fleex,https://www.wattfleet.com/
Wolky Shop,https://www.wolkyshop.com/
XGear101,https://xgear101.com/
Xtra Cycle,https://www.xtracycle.com/
Zhiyun,https://zhiyun.us/