Styledemocracy,https://shop.styledemocracy.com/
Keen,https://www.keenfootwear.com/
Altitude Sports,https://www.altitude-sports.com/
MLO,https://mlo.shoes/
Alani Nutrition,https://www.alaninu.com/
Groove Life,https://groovelife.com/
Melt Cosmetics,https://www.meltcosmetics.com/
Lus Brands,https://lusbrands.com/
Touch of Modern,https://www.touchofmodern.com/
Wings + Horns,https://wingsandhorns.com/
Early Bird Bedding,https://earlybirdbed.com/
Itzy Ritzy,https://www.itzyritzy.com/
Dude Perfect,https://dudeperfect.store/
Dominique Cosmetics,https://dominiquecosmetics.com/
Bodega,https://bdgastore.com/
Brandless,https://brandless.com/
Yaasa Studios,https://yaasa.com/
Monos,https://monos.com/
Kathe Wohlfahrt Of America,https://christmasfromgermany.com/
Akira,https://www.shopakira.com/
Tobi,https://www.tobi.com/
The Hundreds,https://thehundreds.com/
Barney Cools,https://barneycools.com/
Kappa,https://kappa-usa.com/
Handsome Cycles,https://handsomecycles.com/
HalloweenCostumes.com,https://www.halloweencostumes.com/
Freeds,https://freeds.com/
Bentley,https://www.shopbentley.com/
Birdwell Beach Britches,https://www.birdwell.com/
Blends,https://www.blendsus.com/
"Boombox Gifts, LLC",https://boomboxgifts.com/
Quikflip Apparel,https://www.quikflipapparel.com/
"Nifty Genius, LLC",https://nifty-genius.com/
Jared Lang,https://jaredlangcollection.com/
Goodie Co,https://goodieco.com/
Ryla,https://www.rylapack.com/
Andrea Iyamah Clothing Corp.,https://www.andreaiyamah.com/
Nomadics Fabrics Inc.,https://nomadicfabrics.com/
Korelimited,https://korelimited.com/
Top Dawg Entertainment LLC,https://txdxe.com/
Alder Apparel,https://www.alderapparel.com/
Chemical Guys,https://www.chemicalguys.com/
Kappa,https://kappa-canada.com/
Proper,https://properlbc.com/
Marsquest Inc.,https://www.marsquest.com/
Iz Inc.,https://izadaptive.com/
Boxraw Inc,https://boxraw.com/
Bricks & Wood LLC,https://bricksandwood.us/
"Alumni of NY, Inc.",https://www.alumniofny.com/
TJ Swimwear Pty Ltd,https://us.tjswim.com/
MrBeast,https://shopmrbeast.com/
Hat Club,https://www.hatclub.com/
Love Fitness Apparel,https://lovefitnessapparel.com/
Kelvin,https://kelvincoats.com/
CrunchyRoll,https://store.crunchyroll.com/
My Littlest 1,https://mylittlest1.com/
"Kasey Leigh Boutique, LLC",https://kaseyleighboutique.com/
PX Clothing,https://www.pxclothing.com/
Tibbs & Bones,https://www.tibbsandbones.com/
Madison,https://www.madisonstyle.com/
Ete Swimwear Pty Ltd,https://eteswimwear.com/
Mvmnt Lmtd,https://mvmntlmtd.com/
Plan Paced Clothing,https://plantfacedclothing.com/
Scandic,https://scandicskincare.com/
Khalid,https://khalid.store/
LeatherUp,https://www.leatherup.com/
Indosole,https://indosole.com/
Md Crafts LLC,https://mymdcrafts.com/
Vim&Vigor Boutique,https://www.vimvboutique.com/
Royal Mee Boutique,https://www.royalmee.com/